duration,maxRss,fsRead,fsWrite,vContextSwitches,ivContextSwitches,userDiff,sysDiff,rss,heapTotal,heapUsed,external,elMin,elMax,elMean,elStd,bytecodeMetadataSize,heapPhysical,heapAvailable,heapLimit,mallocMem,netByRx,netPkgRx,netByTx,netPkgTx
197.360701,28536,0,0,134,5,192602,24606,56467456,25563136,18200024,1377509,176029696,176160767,176095232,0,189624,21723056,533925016,549453824,8192,160,2,206,3
148.611991,21140,0,0,95,3,115561,30033,55398400,25554944,18288960,1393823,119013376,119078911,119046144,0,418184,20703200,526502280,549453824,8192,160,2,206,3
146.817123,21004,0,0,85,1,128952,19780,55140352,25554944,18289472,1385631,121569280,121634815,121602048,0,418184,20703744,526554240,549453824,8192,160,2,206,3
225.302614,34320,0,0,151,4,189902,36258,68648960,35999744,28541168,1385701,203161600,203292671,203227136,0,189624,33877272,516625224,549453824,8192,160,2,206,3
177.361989,21108,0,0,84,4,158023,21908,55312384,25554944,18289168,1393823,154009600,154140671,154075136,0,418184,20703448,526485256,549453824,8192,160,2,206,3
110.306318,14052,0,0,51,8,107489,11388,48128000,18935808,12188144,1393823,89915392,89980927,89948160,0,418184,14368720,533385592,549453824,8192,160,2,206,3
213.373949,34120,0,0,161,3,180385,35341,68571136,35999744,28541184,1385701,181403648,181534719,181469184,0,189624,33877768,516625096,549453824,8192,160,2,206,3
214.443043,28748,0,0,143,9,209746,15453,56446976,25563136,18201248,1385701,189923328,190054399,189988864,0,189624,21701640,533918672,549453824,8192,160,2,206,3
165.665033,28408,0,0,136,3,164798,24785,56528896,25563136,18265728,1385701,139722752,139853823,139788288,0,189624,21719456,533859056,549453824,8192,160,2,206,3
233.063668,33924,0,0,158,3,204257,24575,68358144,36261888,28540096,1385701,208142336,208273407,208207872,0,189624,33875496,516626592,549453824,8192,160,2,206,3
118.601878,14904,0,0,52,3,113623,8007,48910336,18935808,12188008,1385631,91750400,91815935,91783168,0,418184,14323408,533391264,549453824,8192,160,2,206,3
203.536356,28620,0,0,135,5,183099,28501,56381440,25825280,18266472,1385701,174587904,174718975,174653440,0,189624,21723896,533855944,549453824,8192,160,2,206,3
174.279155,28888,0,0,135,3,173279,15482,56537088,25563136,18266960,1377509,144703488,144834559,144769024,0,189624,21725608,533858632,549453824,8192,160,2,206,3
167.638438,21548,0,0,93,5,141559,27103,55500800,25554944,18288776,1385631,142344192,142475263,142409728,0,418184,20703048,526554600,549453824,8192,160,2,206,3
216.355696,34180,0,0,158,4,193158,20107,68657152,36261888,28606672,1385701,194379776,194510847,194445312,0,189624,33942920,516559512,549453824,8192,160,2,206,3
126.752692,14096,0,0,50,4,125476,4438,48205824,18935808,12187416,1385631,98500608,98566143,98533376,0,418184,14359960,533380496,549453824,8192,160,2,206,3
183.060028,28584,0,0,147,6,161526,33246,56340480,25563136,18265680,1385701,154009600,154140671,154075136,0,189624,21695888,533860000,549453824,8192,160,2,206,3
130.816932,20904,0,0,93,3,126177,11813,55136256,25554944,18288864,1393823,103809024,103874559,103841792,0,418184,20679280,526492224,549453824,8192,160,2,206,3
198.16964,33680,0,0,153,5,194790,19030,68091904,35999744,27884472,1385701,175374336,175505407,175439872,0,189624,33258152,527716208,549453824,8192,160,2,206,3
110.915,14936,0,0,51,2,110132,5299,48717824,18935808,12189256,1393823,89128960,89194495,89161728,0,418184,14334544,533345408,549453824,8192,160,2,206,3
127.057373,20780,0,0,89,2,123565,8758,55177216,25554944,18287136,1393823,104136704,104202239,104169472,0,418184,20701160,526486128,549453824,8192,160,2,206,3
133.689374,21108,0,0,90,2,127334,7297,55152640,25554944,18288080,1393823,112525312,112590847,112558080,0,418184,20702360,526135488,549453824,8192,160,2,206,3
186.697831,34232,0,0,151,3,191416,14367,68489216,36261888,28604792,1377509,153616384,153747455,153681920,0,189624,33941200,516558184,549453824,8192,160,2,206,3
144.939295,20836,0,0,98,5,137189,17737,55107584,25554944,18287896,1385631,112590848,112656383,112623616,0,418184,20697856,526116432,549453824,8192,160,2,206,3
149.959005,21072,0,0,88,2,130538,24490,55070720,25292800,18288904,1393823,126484480,126550015,126517248,0,418184,20702888,526511664,549453824,8192,160,2,206,3
129.847363,14928,0,0,53,1,121615,4206,48832512,19197952,12187416,1385631,107741184,107806719,107773952,0,418184,14361336,533164416,549453824,8192,160,2,206,3
174.25822,28580,0,0,140,9,180164,18754,56418304,25825280,18201016,1385701,151388160,151519231,151453696,0,189624,21701456,533921392,549453824,8192,160,2,206,3
122.294768,15112,0,0,51,1,119495,4112,48902144,19197952,12189776,1385631,98697216,98762751,98729984,0,418184,14372480,533419712,549453824,8192,160,2,206,3
136.601851,20956,0,0,82,5,132032,11166,54968320,25554944,18287720,1393823,111804416,111869951,111837184,0,418184,20678424,526526112,549453824,8192,160,2,206,3
248.70839,33888,0,0,151,3,217807,24205,68399104,35999744,28605352,1377509,220987392,221118463,221052928,0,189624,33941600,516561136,549453824,8192,160,2,206,3
171.720353,28936,0,0,142,5,172544,20483,56639488,25825280,18201232,1377509,140771328,140902399,140836864,0,189624,21725384,533918688,549453824,8192,160,2,206,3
155.417611,14412,0,0,49,3,137354,16344,48357376,18935808,12189448,1393823,121896960,121962495,121929728,0,418184,14357408,533376448,549453824,8192,160,2,206,3
164.340331,14384,0,0,50,0,137950,29042,48136192,18935808,12188416,1393823,132448256,132513791,132481024,0,418184,14333840,533345904,549453824,8192,160,2,206,3
188.773293,28156,0,0,132,7,179767,22471,56426496,25825280,18266776,1385701,158859264,158990335,158924800,0,189624,21700864,533857944,549453824,8192,160,2,206,3
174.622186,28612,0,0,138,6,177448,24701,56365056,25563136,18266944,1385701,144834560,144965631,144900096,0,189624,21725408,533852984,549453824,8192,160,2,206,3
244.507376,34140,0,0,158,3,186231,51181,68505600,35999744,28604784,1377509,214958080,215089151,215023616,0,189624,33940888,516561696,549453824,8192,160,2,206,3
190.848593,34168,0,0,147,8,179904,28536,68706304,36261888,28605600,1385701,166985728,167116799,167051264,0,189624,33941000,516555584,549453824,8192,160,2,206,3
167.647247,28456,0,0,133,5,159337,29669,56414208,25825280,18265088,1385701,137232384,137363455,137297920,0,189624,21723560,533854568,549453824,8192,160,2,206,3
113.377511,14196,0,0,46,2,106081,3339,47964160,19197952,12188256,1393823,92864512,92930047,92897280,0,418184,14323984,533326744,549453824,8192,160,2,206,3
158.59256,28812,0,0,132,2,166609,16085,56348672,25300992,18266376,1377509,133955584,134021119,133988352,0,189624,21592208,533855416,549453824,8192,160,2,206,3
245.442032,34024,0,0,152,6,207223,40395,68550656,35999744,28540472,1377509,217841664,217972735,217907200,0,189624,33877064,516625928,549453824,8192,160,2,206,3
190.513649,28028,0,0,129,6,173952,15178,56262656,25563136,18266120,1377509,167772160,167903231,167837696,0,189624,21700168,533859600,549453824,8192,160,2,206,3
117.035054,14780,0,0,51,2,104663,7773,48648192,18935808,12188488,1393823,95027200,95092735,95059968,0,418184,14356400,533341120,549453824,8192,160,2,206,3
186.933572,34308,0,0,150,2,171051,31738,68612096,35999744,28606640,1377509,154009600,154140671,154075136,0,189624,33941920,516559160,549453824,8192,160,2,206,3
138.111002,14176,0,0,52,4,124453,11755,48283648,19197952,12187976,1385631,105054208,105119743,105086976,0,418184,14360536,533343112,549453824,8192,160,2,206,3
187.846509,28388,0,0,148,8,147228,48038,56451072,25300992,18266512,1385701,166199296,166330367,166264832,0,189624,21688760,533859008,549453824,8192,160,2,206,3
149.78669,21104,0,0,89,5,148335,12606,55197696,25292800,18287064,1385631,126746624,126812159,126779392,0,418184,20677536,526486360,549453824,8192,160,2,206,3
160.707096,28820,0,0,130,2,166504,12771,56397824,25825280,18266792,1377509,131727360,131792895,131760128,0,189624,21725768,533858048,549453824,8192,160,2,206,3
141.384879,21060,0,0,97,2,117655,27055,55128064,25554944,18287864,1393823,119144448,119209983,119177216,0,418184,20701888,526057168,549453824,8192,160,2,206,3
128.509853,20840,0,0,81,5,113330,19593,54861824,25554944,18286664,1385631,105185280,105250815,105218048,0,418184,20700944,526031792,549453824,8192,160,2,206,3
181.542088,28716,0,0,151,4,166169,25002,56496128,25825280,18266896,1385701,154533888,154664959,154599424,0,189624,21726000,533852704,549453824,8192,160,2,206,3
218.312242,33936,0,0,157,5,185644,34748,68456448,35999744,28539264,1377509,195428352,195559423,195493888,0,189624,33874656,516627056,549453824,8192,160,2,206,3
229.747475,33980,0,0,173,5,194555,37337,68579328,35737600,28540888,1385701,205914112,206045183,205979648,0,189624,33785240,516625040,549453824,8192,160,2,206,3
217.147283,34192,0,0,156,3,192504,42365,68612096,36261888,28541024,1385701,196345856,196476927,196411392,0,189624,33877488,516625784,549453824,8192,160,2,206,3
241.406348,28608,0,0,134,5,233609,3680,56557568,25825280,18265224,1377509,206307328,206438399,206372864,0,189624,21724528,533860192,549453824,8192,160,2,206,3
208.227575,34084,0,0,137,2,181149,32529,68399104,35999744,28539352,1377509,188088320,188219391,188153856,0,189624,33875552,516624720,549453824,8192,160,2,206,3
135.012524,21080,0,0,94,3,128560,8296,55205888,25817088,18287920,1393823,110886912,110952447,110919680,0,418184,20678936,525765648,549453824,8192,160,2,206,3
114.407439,14612,0,0,47,3,113918,7311,48492544,18935808,12188656,1393823,84541440,84606975,84574208,0,418184,14370808,533344184,549453824,8192,160,2,206,3
217.124099,28816,0,0,145,6,183411,31830,56459264,25825280,18199800,1385701,191102976,191234047,191168512,0,189624,21722864,533924056,549453824,8192,160,2,206,3
222.072658,34052,0,0,159,4,187094,39676,68575232,35999744,28605696,1377509,192806912,192937983,192872448,0,189624,33942216,516559664,549453824,8192,160,2,206,3
116.223948,14128,0,0,54,6,101576,11837,48005120,19197952,12188752,1393823,82903040,82968575,82935808,0,418184,14324208,533375552,549453824,8192,160,2,206,3
185.865973,33916,0,0,149,3,173529,33729,68501504,35999744,28541040,1385701,165412864,165543935,165478400,0,189624,33876392,516625456,549453824,8192,160,2,206,3
165.093226,20764,0,0,90,3,152558,13662,55279616,25554944,18287824,1385631,142344192,142475263,142409728,0,418184,20702096,526565712,549453824,8192,160,2,206,3
183.508388,28748,0,0,147,5,169961,29613,56258560,25300992,18200936,1377509,153616384,153747455,153681920,0,189624,21619392,533923584,549453824,8192,160,2,206,3
171.416086,28680,0,0,130,2,165488,21647,56561664,25825280,18201136,1377509,133038080,133103615,133070848,0,189624,21724496,533918536,549453824,8192,160,2,206,3
190.429646,33976,0,0,142,5,176946,35568,68546560,35999744,28606584,1385701,164626432,164757503,164691968,0,189624,33938376,516557216,549453824,8192,160,2,206,3
204.524202,33948,0,0,140,4,162317,39098,68579328,36261888,28541360,1385701,183500800,183631871,183566336,0,189624,33878256,516620032,549453824,8192,160,2,206,3
118.485642,15020,0,0,57,3,91448,20968,48750592,19460096,12188288,1385631,89915392,89980927,89948160,0,418184,14363912,533341800,549453824,8192,160,2,206,3
111.111535,14432,0,0,56,3,110108,3630,48275456,19197952,12189224,1385631,90112000,90177535,90144768,0,418184,14344032,533410664,549453824,8192,160,2,206,3
169.44615,28856,0,0,131,3,158651,23767,56627200,25563136,18266488,1385701,145883136,146014207,145948672,0,189624,21724832,533853328,549453824,8192,160,2,206,3
139.424306,20912,0,0,97,2,129086,15244,55169024,25554944,18288008,1393823,114753536,114819071,114786304,0,418184,20678768,526484648,549453824,8192,160,2,206,3
184.434119,21048,0,0,95,6,156916,28535,55427072,25292800,18287648,1385631,151781376,151912447,151846912,0,418184,20678120,526539648,549453824,8192,160,2,206,3
175.484999,34024,0,0,156,2,177298,24728,68481024,36261888,28541528,1377509,154796032,154927103,154861568,0,189624,33878360,516623560,549453824,8192,160,2,206,3
209.253183,34028,0,0,149,6,166929,43645,68390912,35999744,28605824,1385701,180092928,180223999,180158464,0,189624,33940896,516558520,549453824,8192,160,2,206,3
145.560299,21032,0,0,93,7,134557,11656,55209984,25554944,18287696,1393823,25296896,100925439,63098880,37793792,418184,20678200,526468896,549453824,8192,160,2,206,3
125.230546,20868,0,0,87,1,117500,11363,55078912,25554944,18288128,1385631,102891520,102957055,102924288,0,418184,20678856,526068232,549453824,8192,160,2,206,3
139.493802,21172,0,0,90,2,136099,10921,55406592,25554944,18288792,1385631,116523008,116588543,116555776,0,418184,20703072,526555304,549453824,8192,160,2,206,3
112.315964,14228,0,0,48,3,107630,8380,48295936,18935808,12187768,1393823,86900736,86966271,86933504,0,418184,14366312,533356024,549453824,8192,160,2,206,3
180.348373,28772,0,0,126,2,171443,10626,56389632,25563136,18266608,1385701,159776768,159907839,159842304,0,189624,21701424,533858520,549453824,8192,160,2,206,3
137.182839,13972,0,0,49,6,132493,7654,48254976,18935808,12189296,1385631,107151360,107216895,107184128,0,418184,14373016,533386728,549453824,8192,160,2,206,3
143.459731,21056,0,0,92,4,130870,20637,55226368,25554944,18288896,1385631,113901568,113967103,113934336,0,418184,20703112,526135784,549453824,8192,160,2,206,3
259.587129,34016,0,0,152,8,220782,32016,68452352,36261888,28606728,1377509,227016704,227147775,227082240,0,189624,33943544,516558416,549453824,8192,160,2,206,3
168.201899,28564,0,0,137,4,169623,20238,56541184,25563136,18266544,1377509,140378112,140509183,140443648,0,189624,21713200,533857488,549453824,8192,160,2,206,3
125.107926,14244,0,0,53,2,106788,18810,48377856,18935808,12188488,1385631,102760448,102825983,102793216,0,418184,14370856,533350400,549453824,8192,160,2,206,3
193.837974,29004,0,0,131,5,193614,25824,56455168,25563136,18200880,1377509,168558592,168689663,168624128,0,189624,21725032,533923376,549453824,8192,160,2,206,3
111.247563,14500,0,0,49,1,96489,15580,48476160,19197952,12188856,1393823,87359488,87425023,87392256,0,418184,14343760,533356408,549453824,8192,160,2,206,3
148.93739,14696,0,0,46,1,130053,19280,48705536,19197952,12189712,1393823,117702656,117768191,117735424,0,418184,14372400,533378488,549453824,8192,160,2,206,3
120.556211,14756,0,0,55,3,111242,3791,48558080,18935808,12189168,1393823,88932352,88997887,88965120,0,418184,14357096,533383296,549453824,8192,160,2,206,3
160.893923,28584,0,0,155,6,173656,16807,56078336,25300992,18265192,1385701,138149888,138280959,138215424,0,189624,21665504,533859496,549453824,8192,160,2,206,3
228.618943,28772,0,0,135,2,247184,4176,56328192,25563136,18264984,1377509,202637312,202768383,202702848,0,189624,21722496,533857848,549453824,8192,160,2,206,3
118.254251,14716,0,0,46,1,113545,3733,48775168,19197952,12188688,1393823,97386496,97452031,97419264,0,418184,14334432,533333960,549453824,8192,160,2,206,3
166.106483,28772,0,0,148,4,172646,15196,56389632,25563136,18200664,1385701,142999552,143130623,143065088,0,189624,21719400,533924392,549453824,8192,160,2,206,3
248.937581,33908,0,0,162,7,206166,39651,68440064,36261888,28541040,1385701,219414528,219545599,219480064,0,189624,33873120,516619840,549453824,8192,160,2,206,3
170.314681,28440,0,0,138,3,168052,18247,56401920,25825280,18266216,1377509,149291008,149422079,149356544,0,189624,21700928,533859392,549453824,8192,160,2,206,3
165.021123,29184,0,0,151,4,165485,25027,56619008,25825280,18201008,1377509,136445952,136577023,136511488,0,189624,21725160,533918512,549453824,8192,160,2,206,3
124.215333,14092,0,0,59,3,113785,3470,48214016,18935808,12188320,1393823,93192192,93257727,93224960,0,418184,14333680,533345240,549453824,8192,160,2,206,3
212.010275,33872,0,0,153,3,174412,41293,68481024,35999744,28605832,1385701,190447616,190578687,190513152,0,189624,33941104,516560632,549453824,8192,160,2,206,3
119.779369,14644,0,0,53,2,113530,8611,48738304,19197952,12189512,1385631,90963968,91029503,90996736,0,418184,14373512,533312760,549453824,8192,160,2,206,3
176.004364,28956,0,0,134,2,181977,11218,56598528,25825280,18265784,1385701,142737408,142868479,142802944,0,189624,21724080,533858984,549453824,8192,160,2,206,3
130.384487,14108,0,0,46,3,118198,8648,48082944,19197952,12188200,1385631,102170624,102236159,102203392,0,418184,14362992,533393312,549453824,8192,160,2,206,3
192.134097,34044,0,0,148,5,191577,15679,68214784,35999744,28605056,1377509,161480704,161611775,161546240,0,189624,33940264,516560328,549453824,8192,160,2,206,3
110.508856,14500,0,0,52,3,89874,18841,48566272,18935808,12188120,1385631,90374144,90439679,90406912,0,418184,14342688,533344000,549453824,8192,160,2,206,3
130.126706,20896,0,0,81,2,114706,23012,55296000,25554944,18289560,1385631,101449728,101515263,101482496,0,418184,20703832,526499528,549453824,8192,160,2,206,3
138.739116,14280,0,0,52,1,127220,8053,48242688,19197952,12187776,1385631,106561536,106627071,106594304,0,418184,14323424,533341528,549453824,8192,160,2,206,3
139.489403,14276,0,0,54,6,131812,8013,48218112,19197952,12188248,1385631,106037248,106102783,106070016,0,418184,14343040,533412144,549453824,8192,160,2,206,3
211.831063,33388,0,0,150,15,210527,35649,67784704,35999744,27820160,1377509,186908672,187039743,186974208,0,189624,33258656,527780008,549453824,8192,160,2,206,3
174.703022,21196,0,0,87,8,145053,27511,55205888,25554944,18289152,1393823,143130624,143261695,143196160,0,418184,20691680,526520640,549453824,8192,160,2,206,3
105.022782,14480,0,0,50,5,100859,12478,48336896,18935808,12187496,1385631,79101952,79167487,79134720,0,418184,14332912,533348600,549453824,8192,160,2,206,3
205.772279,34332,0,0,159,3,186509,16112,68493312,36261888,28606128,1377509,184811520,184942591,184877056,0,189624,33942920,516558496,549453824,8192,160,2,206,3
129.021165,14788,0,0,49,4,111437,16418,48570368,18935808,12189376,1385631,101974016,102039551,102006784,0,418184,14364000,533369112,549453824,8192,160,2,206,3
119.87875,13980,0,0,48,2,119776,12056,48164864,19197952,12189728,1385631,93913088,93978623,93945856,0,418184,14367944,533394880,549453824,8192,160,2,206,3
137.513435,21228,0,0,90,5,130982,14635,55160832,25292800,18286888,1393823,113246208,113311743,113278976,0,418184,20700624,526507400,549453824,8192,160,2,206,3
144.467453,14224,0,0,47,2,145456,4127,48349184,19197952,12190000,1385631,120455168,120520703,120487936,0,418184,14373872,533417752,549453824,8192,160,2,206,3
215.829901,34248,0,0,158,6,198342,35370,68415488,35737600,28540936,1377509,193855488,193986559,193921024,0,189624,33801656,516623904,549453824,8192,160,2,206,3
145.804942,20952,0,0,87,4,137314,19603,55226368,25292800,18287808,1393823,117637120,117702655,117669888,0,418184,20678280,526487272,549453824,8192,160,2,206,3
154.735589,21284,0,0,84,2,142028,16219,55549952,25292800,18287184,1385631,128516096,128581631,128548864,0,418184,20677600,526485816,549453824,8192,160,2,206,3
178.631985,28404,0,0,136,10,177512,7110,56352768,25825280,18266568,1377509,156106752,156237823,156172288,0,189624,21712584,533857872,549453824,8192,160,2,206,3
176.755965,21112,0,0,88,3,164231,18018,55308288,25292800,18288144,1393823,149028864,149159935,149094400,0,418184,20678360,526519376,549453824,8192,160,2,206,3
130.976431,14156,0,0,48,3,119694,7860,48177152,19197952,12186672,1385631,100663296,100728831,100696064,0,418184,14367320,533375496,549453824,8192,160,2,206,3
183.487793,28884,0,0,140,5,171254,23995,56463360,25825280,18200992,1385701,161742848,161873919,161808384,0,189624,21713952,533922784,549453824,8192,160,2,206,3
170.025195,28768,0,0,136,2,177081,19819,56369152,25825280,18266760,1377509,144834560,144965631,144900096,0,189624,21725776,533852912,549453824,8192,160,2,206,3
195.147404,34296,0,0,153,4,192673,23063,68628480,36261888,28541568,1377509,158597120,158728191,158662656,0,189624,33878240,516619800,549453824,8192,160,2,206,3
212.295768,34028,0,0,148,4,179828,31523,68468736,35999744,28606528,1385701,191365120,191496191,191430656,0,189624,33941808,516557832,549453824,8192,160,2,206,3
200.432425,27972,0,0,131,5,195279,19700,56455168,25825280,18135344,1377509,179306496,179437567,179372032,0,189624,21700680,533984728,549453824,8192,160,2,206,3
108.597027,14616,0,0,54,4,116965,0,48545792,19197952,12188496,1393823,78315520,78381055,78348288,0,418184,14342672,533325304,549453824,8192,160,2,206,3
140.727598,20752,0,0,89,5,130776,11218,54947840,25292800,18286672,1393823,117309440,117374975,117342208,0,418184,20700408,526491384,549453824,8192,160,2,206,3
226.596097,28908,0,0,136,2,185114,37306,56332288,25563136,18199624,1385701,188088320,188219391,188153856,0,189624,21700024,533924920,549453824,8192,160,2,206,3
118.038747,14624,0,0,50,3,100334,18701,48529408,18935808,12187912,1393823,93716480,93782015,93749248,0,418184,14368312,533355000,549453824,8192,160,2,206,3
189.321754,28800,0,0,139,4,178974,16632,56463360,25825280,18201120,1385701,162004992,162136063,162070528,0,189624,21700920,533923400,549453824,8192,160,2,206,3
228.245824,28468,0,0,140,6,196740,33942,56131584,25300992,18266504,1385701,190185472,190316543,190251008,0,189624,21639472,533858080,549453824,8192,160,2,206,3
140.59232,21020,0,0,80,1,132478,6921,55308288,25554944,18289440,1385631,114819072,114884607,114851840,0,418184,20703720,526514224,549453824,8192,160,2,206,3
219.587451,33984,0,0,137,4,188260,36163,68554752,36261888,28604960,1377509,193200128,193331199,193265664,0,189624,33940840,516560456,549453824,8192,160,2,206,3
210.191136,28816,0,0,141,5,185694,19441,56414208,25563136,18200072,1385701,181665792,181796863,181731328,0,189624,21700224,533919736,549453824,8192,160,2,206,3
191.046984,28520,0,0,152,4,175998,12349,56193024,25300992,18266520,1377509,163446784,163577855,163512320,0,189624,21590984,533855808,549453824,8192,160,2,206,3
197.129161,34108,0,0,152,4,186046,31048,68472832,35737600,28606288,1385701,174325760,174456831,174391296,0,189624,33860768,516559216,549453824,8192,160,2,206,3
130.481918,14464,0,0,53,4,123077,3811,48148480,18935808,12188616,1393823,89391104,89456639,89423872,0,418184,14334080,533346000,549453824,8192,160,2,206,3
177.864371,28528,0,0,140,5,163528,19981,56410112,25563136,18266200,1385701,157679616,157810687,157745152,0,189624,21699824,533858240,549453824,8192,160,2,206,3
152.412449,14736,0,0,47,4,145835,3845,48570368,19197952,12187120,1393823,116064256,116129791,116097024,0,418184,14367736,533340696,549453824,8192,160,2,206,3
244.648787,34000,0,0,170,4,213191,28128,68636672,35737600,28605864,1377509,209977344,210108415,210042880,0,189624,33925848,516555712,549453824,8192,160,2,206,3
139.738457,20892,0,0,94,3,142113,6413,54972416,25292800,18288176,1393823,108986368,109051903,109019136,0,418184,20690160,526484568,549453824,8192,160,2,206,3
183.55056,28968,0,0,151,6,166925,21386,56426496,25825280,18264768,1377509,159907840,160038911,159973376,0,189624,21723560,533858968,549453824,8192,160,2,206,3
195.717325,28588,0,0,136,5,178111,19367,56393728,25563136,18266472,1377509,172359680,172490751,172425216,0,189624,21713056,533858592,549453824,8192,160,2,206,3
201.903993,33924,0,0,137,6,181845,30125,68345856,35999744,28606528,1385701,180486144,180617215,180551680,0,189624,33941736,516557552,549453824,8192,160,2,206,3
188.25972,33488,0,0,157,8,177080,31445,67805184,35999744,27230608,1385701,166592512,166723583,166658048,0,189624,33236024,528369888,549453824,8192,160,2,206,3
217.217963,33980,0,0,141,3,187710,32203,68554752,36261888,28606176,1385701,185991168,186122239,186056704,0,189624,33943136,516559680,549453824,8192,160,2,206,3
241.968087,33776,0,0,148,3,222117,44483,68771840,35999744,28606504,1385701,193331200,193462271,193396736,0,189624,33942536,516559992,549453824,8192,160,2,206,3
191.655858,34024,0,0,134,3,180340,25691,68501504,36261888,28606536,1385701,160432128,160563199,160497664,0,189624,33942928,516554856,549453824,8192,160,2,206,3
189.639025,28440,0,0,130,3,184782,21153,56459264,25563136,18266416,1377509,164757504,164888575,164823040,0,189624,21724728,533858160,549453824,8192,160,2,206,3
206.365542,33992,0,0,145,5,190768,31939,68632576,35999744,28606464,1377509,185204736,185335807,185270272,0,189624,33941832,516555184,549453824,8192,160,2,206,3
200.403971,28380,0,0,149,4,188360,31947,56209408,25825280,18199688,1385701,170524672,170655743,170590208,0,189624,21722720,533924208,549453824,8192,160,2,206,3
113.547848,14808,0,0,49,3,109646,4280,48693248,19197952,12187200,1393823,89849856,89915391,89882624,0,418184,14365928,533360512,549453824,8192,160,2,206,3
123.482901,14612,0,0,50,0,100852,20902,48730112,19197952,12189752,1393823,100270080,100335615,100302848,0,418184,14373680,533409736,549453824,8192,160,2,206,3
206.955379,34200,0,0,151,4,188888,15892,68526080,36261888,28605552,1377509,183631872,183762943,183697408,0,189624,33941232,516560464,549453824,8192,160,2,206,3
141.49442,20972,0,0,102,4,131511,15919,55181312,25554944,18288928,1393823,119537664,119603199,119570432,0,418184,20691456,526515920,549453824,8192,160,2,206,3
125.652622,14400,0,0,58,2,113654,11659,48488448,19197952,12189344,1385631,100073472,100139007,100106240,0,418184,14357536,533329384,549453824,8192,160,2,206,3
132.956757,14288,0,0,47,2,125284,10612,48410624,18935808,12188664,1393823,110362624,110428159,110395392,0,418184,14334040,533388856,549453824,8192,160,2,206,3
156.596521,14812,0,0,50,1,140460,20020,48877568,18935808,12189600,1393823,125829120,125894655,125861888,0,418184,14372016,533368088,549453824,8192,160,2,206,3
153.175301,28840,0,0,133,2,143388,31678,56295424,25563136,18266576,1377509,128778240,128843775,128811008,0,189624,21700536,533857816,549453824,8192,160,2,206,3
140.255519,20892,0,0,88,2,129439,11453,55185408,25292800,18286912,1385631,110559232,110624767,110592000,0,418184,20700904,526531976,549453824,8192,160,2,206,3
114.293699,14404,0,0,54,1,101015,16168,48427008,19197952,12190152,1385631,88014848,88080383,88047616,0,418184,14374112,533398872,549453824,8192,160,2,206,3
278.478866,33928,0,0,159,5,230442,46836,68431872,35737600,28541360,1377509,252575744,252706815,252641280,0,189624,33829256,516625992,549453824,8192,160,2,206,3
211.585366,33920,0,0,157,5,204094,25801,68521984,35737600,28605072,1377509,187695104,187826175,187760640,0,189624,33903192,516557776,549453824,8192,160,2,206,3
186.34452,28588,0,0,144,5,157785,45623,56504320,25563136,18266472,1377509,159252480,159383551,159318016,0,189624,21712216,533857920,549453824,8192,160,2,206,3
209.201062,33936,0,0,162,3,191307,20151,68521984,35999744,28541096,1385701,187301888,187432959,187367424,0,189624,33877200,516625392,549453824,8192,160,2,206,3
144.33037,14588,0,0,48,2,138871,4000,48578560,19197952,12189336,1393823,119341056,119406591,119373824,0,418184,14338712,533378216,549453824,8192,160,2,206,3
170.281121,20340,0,0,96,2,169007,9150,54648832,25554944,18287888,1393823,140378112,140509183,140443648,0,418184,20701880,526546992,549453824,8192,160,2,206,3
152.991543,20844,0,0,88,3,142257,10269,55107584,25554944,18288112,1385631,126812160,126877695,126844928,0,418184,20702384,526489984,549453824,8192,160,2,206,3
133.062034,20924,0,0,80,3,115738,19987,55259136,25554944,18288864,1385631,108920832,108986367,108953600,0,418184,20703136,526047744,549453824,8192,160,2,206,3
205.9721,33980,0,0,152,5,182406,20350,68452352,36261888,28541088,1377509,181403648,181534719,181469184,0,189624,33877608,516625416,549453824,8192,160,2,206,3
194.241441,28868,0,0,135,2,168709,31715,56479744,25825280,18200880,1377509,172490752,172621823,172556288,0,189624,21725240,533919208,549453824,8192,160,2,206,3
143.963257,21236,0,0,86,6,126270,20247,55463936,25554944,18289528,1385631,120127488,120193023,120160256,0,418184,20703808,526524368,549453824,8192,160,2,206,3
134.984375,20988,0,0,90,5,114854,21434,55062528,25554944,18289000,1393823,109903872,109969407,109936640,0,418184,20679504,526483624,549453824,8192,160,2,206,3
139.915101,21120,0,0,90,3,141206,6995,55402496,25292800,18288288,1393823,112263168,112328703,112295936,0,418184,20678504,526553872,549453824,8192,160,2,206,3
117.836601,13952,0,0,51,3,113866,4067,48033792,19197952,12188448,1385631,95223808,95289343,95256576,0,418184,14356544,533342256,549453824,8192,160,2,206,3
141.571339,21100,0,0,77,2,130478,19517,55091200,25292800,18286992,1385631,119209984,119275519,119242752,0,418184,20700984,526492544,549453824,8192,160,2,206,3
182.857986,28776,0,0,140,4,166260,24370,56442880,25563136,18201160,1385701,159121408,159252479,159186944,0,189624,21713272,533923392,549453824,8192,160,2,206,3
226.797941,33764,0,0,169,3,197162,24229,68349952,35737600,28606816,1385701,196739072,196870143,196804608,0,189624,33811488,516553016,549453824,8192,160,2,206,3
195.13598,28740,0,0,122,4,174025,36595,56410112,25563136,18266896,1385701,157417472,157548543,157483008,0,189624,21725152,533858056,549453824,8192,160,2,206,3
143.675735,21196,0,0,86,5,138497,10753,55095296,25554944,18288832,1393823,118882304,118947839,118915072,0,418184,20679592,526075168,549453824,8192,160,2,206,3
120.512727,14688,0,0,55,0,111738,11749,48807936,18935808,12189160,1393823,92274688,92340223,92307456,0,418184,14363784,533370024,549453824,8192,160,2,206,3
222.486969,34144,0,0,142,4,189198,34781,68489216,36261888,28606296,1377509,199884800,200015871,199950336,0,189624,33942872,516555064,549453824,8192,160,2,206,3
208.103499,28512,0,0,163,4,183801,21923,56311808,25300992,18200640,1377509,185860096,185991167,185925632,0,189624,21632080,533924408,549453824,8192,160,2,206,3
181.867888,28800,0,0,137,7,149111,39046,56619008,25825280,18266144,1385701,161480704,161611775,161546240,0,189624,21701512,533858616,549453824,8192,160,2,206,3
123.589838,14264,0,0,48,2,103763,16593,48381952,19197952,12187592,1385631,95944704,96010239,95977472,0,418184,14365736,533356512,549453824,8192,160,2,206,3
222.888034,34268,0,0,156,3,193826,27150,68509696,35999744,28606256,1377509,200146944,200278015,200212480,0,189624,33942528,516560208,549453824,8192,160,2,206,3
137.499869,21348,0,0,85,3,135884,7266,55422976,25554944,18287944,1385631,112918528,112984063,112951296,0,418184,20702224,526338240,549453824,8192,160,2,206,3
138.680832,20924,0,0,88,6,129145,11384,55226368,25292800,18289536,1393823,113311744,113377279,113344512,0,418184,20679720,526490360,549453824,8192,160,2,206,3
209.743481,28192,0,0,135,8,188530,19972,56496128,25563136,18266024,1385701,186384384,186515455,186449920,0,189624,21723168,533856952,549453824,8192,160,2,206,3
128.643856,14684,0,0,55,6,115635,7933,48635904,18935808,12187936,1385631,104267776,104333311,104300544,0,418184,14333296,533375048,549453824,8192,160,2,206,3
152.639793,21420,0,0,92,10,138782,17846,55271424,25292800,18289048,1393823,21512192,110952447,66220032,44699648,418184,20698464,526495912,549453824,8192,160,2,206,3
214.78542,34160,0,0,144,8,178889,47500,68472832,35999744,28606424,1377509,192020480,192151551,192086016,0,189624,33942512,516557912,549453824,8192,160,2,206,3
133.117455,21200,0,0,92,3,120538,16237,55394304,25292800,18289328,1385631,111083520,111149055,111116288,0,418184,20703312,526480472,549453824,8192,160,2,206,3
148.006187,21256,0,0,90,2,129491,19926,55316480,25292800,18289528,1393823,125042688,125108223,125075456,0,418184,20703512,526495664,549453824,8192,160,2,206,3
129.618781,14780,0,0,50,3,121510,8067,48603136,18935808,12188488,1385631,106430464,106495999,106463232,0,418184,14356232,533366336,549453824,8192,160,2,206,3
197.398893,28656,0,0,145,11,174523,18464,56426496,25825280,18266152,1377509,173146112,173277183,173211648,0,189624,21700456,533856624,549453824,8192,160,2,206,3
142.929341,14236,0,0,54,2,130111,11779,48300032,18935808,12188448,1385631,103219200,103284735,103251968,0,418184,14368896,533342568,549453824,8192,160,2,206,3
158.952115,20464,0,0,89,4,135964,21605,54706176,25292800,18287112,1393823,133890048,133955583,133922816,0,418184,20700848,526517864,549453824,8192,160,2,206,3
117.380181,14468,0,0,44,3,104876,14958,48660480,18935808,12188928,1393823,81723392,81788927,81756160,0,418184,14342776,533377456,549453824,8192,160,2,206,3
139.261821,14416,0,0,49,5,120439,16013,48259072,19197952,12189240,1385631,116064256,116129791,116097024,0,418184,14373232,533247280,549453824,8192,160,2,206,3
186.137786,28548,0,0,141,5,162110,23313,56598528,25825280,18265496,1385701,160825344,160956415,160890880,0,189624,21724136,533854592,549453824,8192,160,2,206,3
205.560827,28548,0,0,136,1,205085,26112,56283136,25825280,18200272,1385701,180617216,180748287,180682752,0,189624,21723336,533924024,549453824,8192,160,2,206,3
119.826062,14320,0,0,52,6,114765,11524,48226304,19197952,12187744,1393823,98762752,98828287,98795520,0,418184,14368368,533349480,549453824,8192,160,2,206,3
113.384263,14392,0,0,53,2,106635,7925,48513024,18935808,12188128,1385631,92667904,92733439,92700672,0,418184,14323504,533364456,549453824,8192,160,2,206,3
142.501041,20932,0,0,93,3,128370,14000,55017472,25554944,18289064,1385631,120455168,120520703,120487936,0,418184,20691536,526467704,549453824,8192,160,2,206,3
180.489331,28680,0,0,139,2,161071,31453,56487936,25825280,18264784,1377509,135659520,135790591,135725056,0,189624,21722632,533859040,549453824,8192,160,2,206,3
178.11793,28872,0,0,155,8,163893,40308,56426496,25300992,18199840,1377509,148635648,148766719,148701184,0,189624,21648152,533923464,549453824,8192,160,2,206,3
144.842515,20460,0,0,82,3,133057,20176,54571008,25554944,18287808,1385631,114556928,114622463,114589696,0,418184,20702088,526487824,549453824,8192,160,2,206,3
211.430065,34308,0,0,138,4,204471,11647,68739072,35999744,28606432,1385701,189923328,190054399,189988864,0,189624,33941544,516559520,549453824,8192,160,2,206,3
188.32432,34100,0,0,151,4,166999,37595,68476928,36261888,28606648,1385701,165150720,165281791,165216256,0,189624,33942640,516559056,549453824,8192,160,2,206,3
151.761887,21308,0,0,82,4,150858,15569,55357440,25292800,18287264,1393823,127926272,127991807,127959040,0,418184,20700992,526514376,549453824,8192,160,2,206,3
129.031198,14704,0,0,46,5,115595,15955,48816128,19197952,12188392,1385631,105512960,105578495,105545728,0,418184,14372216,533303952,549453824,8192,160,2,206,3
214.954631,34120,0,0,154,4,194391,28575,68591616,35999744,28606504,1385701,183238656,183369727,183304192,0,189624,33942608,516555224,549453824,8192,160,2,206,3
165.287683,28752,0,0,137,2,154588,34191,56328192,25825280,18266792,1377509,143523840,143654911,143589376,0,189624,21725784,533858392,549453824,8192,160,2,206,3
176.733038,28780,0,0,140,7,165032,23505,56471552,25563136,18266256,1385701,155320320,155451391,155385856,0,189624,21724720,533859232,549453824,8192,160,2,206,3
239.797803,33912,0,0,148,10,216024,28028,68427776,36261888,28604816,1377509,210108416,210239487,210173952,0,189624,33941376,516558504,549453824,8192,160,2,206,3
204.699109,28680,0,0,141,4,201691,24692,56414208,25563136,18266496,1377509,174456832,174587903,174522368,0,189624,21725064,533858368,549453824,8192,160,2,206,3
171.916896,28300,0,0,138,3,168362,22366,56320000,25825280,18265192,1385701,139460608,139591679,139526144,0,189624,21699272,533858592,549453824,8192,160,2,206,3
119.182691,14496,0,0,53,3,107824,12061,48656384,19197952,12189136,1385631,93650944,93716479,93683712,0,418184,14357320,533398208,549453824,8192,160,2,206,3
245.503933,33888,0,0,141,7,199192,40637,68243456,35999744,28606536,1385701,221380608,221511679,221446144,0,189624,33941720,516557656,549453824,8192,160,2,206,3
157.881209,21212,0,0,89,3,146240,12945,55205888,25554944,18289560,1385631,130613248,130678783,130646016,0,418184,20703840,526431152,549453824,8192,160,2,206,3
139.447542,21164,0,0,79,5,124519,21952,55291904,25292800,18288744,1385631,117047296,117112831,117080064,0,418184,20690984,526486096,549453824,8192,160,2,206,3
208.819035,33944,0,0,154,9,187916,40033,68530176,35999744,28539576,1385701,185466880,185597951,185532416,0,189624,33875584,516626224,549453824,8192,160,2,206,3
119.19452,14368,0,0,51,1,103398,15749,48320512,18935808,12189232,1393823,97320960,97386495,97353728,0,418184,14356784,533350304,549453824,8192,160,2,206,3
126.906761,14584,0,0,50,3,113178,12304,48533504,19197952,12187912,1393823,104923136,104988671,104955904,0,418184,14323400,533327032,549453824,8192,160,2,206,3
153.999051,20948,0,0,87,8,134607,17185,55062528,25554944,18289400,1385631,123011072,123076607,123043840,0,418184,20703672,526388704,549453824,8192,160,2,206,3
111.314605,14304,0,0,52,2,114593,8251,48254976,18935808,12189320,1385631,87556096,87621631,87588864,0,418184,14371744,533343976,549453824,8192,160,2,206,3
209.021166,33960,0,0,171,3,175802,39076,68435968,35999744,28539816,1377509,184549376,184680447,184614912,0,189624,33875920,516626656,549453824,8192,160,2,206,3
134.6495,21140,0,0,89,4,124106,15598,55451648,25554944,18287200,1385631,103940096,104005631,103972864,0,418184,20701480,526092192,549453824,8192,160,2,206,3
222.584934,34016,0,0,123,3,187913,45802,68472832,36261888,28606648,1377509,198836224,198967295,198901760,0,189624,33942232,516557432,549453824,8192,160,2,206,3
117.466015,15008,0,0,58,4,121845,7287,48984064,18935808,12187992,1393823,91684864,91750399,91717632,0,418184,14369968,533364312,549453824,8192,160,2,206,3
206.979875,28456,0,0,142,4,189005,28976,56328192,25300992,18266432,1385701,182190080,182321151,182255616,0,189624,21639568,533858032,549453824,8192,160,2,206,3
222.419276,34204,0,0,150,3,196362,24040,68460544,36261888,28605072,1385701,194904064,195035135,194969600,0,189624,33941368,516561112,549453824,8192,160,2,206,3
141.860628,20512,0,0,88,3,131022,18786,54722560,25292800,18287672,1393823,114425856,114491391,114458624,0,418184,20677888,526483744,549453824,8192,160,2,206,3
170.355418,21236,0,0,81,5,158212,21680,55074816,25292800,18288920,1393823,146538496,146669567,146604032,0,418184,20679136,526509960,549453824,8192,160,2,206,3
177.131476,21272,0,0,95,7,165681,15919,55304192,25554944,18289040,1393823,152436736,152567807,152502272,0,418184,20703320,526487096,549453824,8192,160,2,206,3
184.213611,28576,0,0,133,5,161999,23143,56459264,25825280,18264752,1377509,162922496,163053567,162988032,0,189624,21723528,533859592,549453824,8192,160,2,206,3
202.449278,34156,0,0,154,4,178254,28115,68505600,35737600,28540984,1377509,178782208,178913279,178847744,0,189624,33808752,516624112,549453824,8192,160,2,206,3
129.472673,14360,0,0,53,2,105764,22058,48353280,18935808,12189152,1385631,13516800,85524479,49506304,35985408,418184,14371592,533363296,549453824,8192,160,2,206,3
246.813037,34196,0,0,148,5,212682,34894,68739072,35999744,28606688,1377509,225181696,225312767,225247232,0,189624,33941824,516557664,549453824,8192,160,2,206,3
178.145087,28972,0,0,124,2,181494,11794,56463360,25825280,18264784,1377509,158203904,158334975,158269440,0,189624,21700008,533857608,549453824,8192,160,2,206,3
112.768966,14604,0,0,51,2,118550,0,48742400,18935808,12188352,1385631,91488256,91553791,91521024,0,418184,14368664,533349416,549453824,8192,160,2,206,3
143.777183,21456,0,0,88,5,117909,29674,55336960,25554944,18289896,1393823,119078912,119144447,119111680,0,418184,20704168,526488096,549453824,8192,160,2,206,3
144.337246,21136,0,0,94,3,137212,11130,55283712,25554944,18288648,1393823,122159104,122224639,122191872,0,418184,20690920,526039056,549453824,8192,160,2,206,3
197.593865,28528,0,0,137,5,178157,18436,56549376,25563136,18200680,1377509,21315584,154009599,87633920,66310144,189624,21700192,533919256,549453824,8192,160,2,206,3
210.922043,33916,0,0,155,3,188968,28780,68542464,35737600,28540816,1377509,185860096,185991167,185925632,0,189624,33770752,516620800,549453824,8192,160,2,206,3
130.81653,14380,0,0,49,3,130138,3957,48422912,18935808,12189512,1393823,102825984,102891519,102858752,0,418184,14344024,533348656,549453824,8192,160,2,206,3
214.0515,34236,0,0,147,3,192691,35217,68558848,36261888,28605504,1377509,190709760,190840831,190775296,0,189624,33941168,516560152,549453824,8192,160,2,206,3
157.205521,21024,0,0,91,7,133384,27352,55238656,25554944,18288344,1393823,13557760,114950143,64239616,50677760,418184,20702368,526528464,549453824,8192,160,2,206,3
156.584773,21076,0,0,90,5,154355,6300,55160832,25292800,18288032,1393823,133562368,133627903,133595136,0,418184,20701768,526511840,549453824,8192,160,2,206,3
150.625386,20916,0,0,90,3,117689,30715,55083008,25554944,18287672,1393823,123404288,123469823,123437056,0,418184,20701664,526486008,549453824,8192,160,2,206,3
147.494324,20516,0,0,85,6,147070,10510,54718464,25554944,18289000,1393823,126222336,126287871,126255104,0,418184,20679504,526547040,549453824,8192,160,2,206,3
213.390965,33996,0,0,147,4,195740,21397,68415488,35737600,28606392,1377509,192544768,192675839,192610304,0,189624,33855056,516559520,549453824,8192,160,2,206,3
122.960832,14764,0,0,53,1,99438,22979,48766976,18935808,12189248,1393823,98566144,98631679,98598912,0,418184,14324584,533363896,549453824,8192,160,2,206,3
139.95235,21256,0,0,94,4,135648,7715,55328768,25292800,18289136,1385631,117899264,117964799,117932032,0,418184,20703128,526491384,549453824,8192,160,2,206,3
178.753347,28920,0,0,161,3,168798,24714,56537088,25825280,18200880,1377509,157548544,157679615,157614080,0,189624,21725112,533921056,549453824,8192,160,2,206,3
135.609726,14524,0,0,57,2,113154,19423,48517120,18935808,12189424,1393823,105316352,105381887,105349120,0,418184,14371856,533374792,549453824,8192,160,2,206,3
138.231218,14708,0,0,52,4,124130,11668,48685056,18935808,12188056,1385631,109248512,109314047,109281280,0,418184,14333512,533366568,549453824,8192,160,2,206,3
120.028009,14656,0,0,57,2,104956,15429,48422912,18935808,12188256,1393823,97452032,97517567,97484800,0,418184,14337328,533345168,549453824,8192,160,2,206,3
195.429052,34092,0,0,164,3,187666,18388,68501504,35999744,28540232,1377509,172752896,172883967,172818432,0,189624,33875440,516625576,549453824,8192,160,2,206,3
252.98501,34076,0,0,151,4,212588,36117,68497408,35737600,28541248,1377509,9240576,216662015,112920576,103675904,189624,33800024,516607600,549453824,8192,160,2,206,3
168.892841,21128,0,0,89,6,171530,7476,55164928,25292800,18287608,1385631,134348800,134479871,134414336,0,418184,20701600,526528768,549453824,8192,160,2,206,3
135.760977,21576,0,0,88,2,127763,18923,55504896,25554944,18288720,1385631,112132096,112197631,112164864,0,418184,20703000,526514288,549453824,8192,160,2,206,3
119.322304,15028,0,0,56,3,112025,12421,48852992,19197952,12190280,1393823,89784320,89849855,89817088,0,418184,14339640,533361304,549453824,8192,160,2,206,3
163.417598,20884,0,0,90,4,156082,15907,55181312,25292800,18288248,1393823,9650176,134348799,71968768,62314496,418184,20678464,526499432,549453824,8192,160,2,206,3
112.785706,13964,0,0,53,1,96279,16036,48095232,18935808,12187512,1393823,91226112,91291647,91258880,0,418184,14336520,533373296,549453824,8192,160,2,206,3
125.474458,21268,0,0,86,2,110014,18129,55386112,25554944,18289032,1385631,103284736,103350271,103317504,0,418184,20703304,526113920,549453824,8192,160,2,206,3
167.160524,21396,0,0,81,7,167726,11065,55390208,25292800,18287760,1393823,135659520,135790591,135725056,0,418184,20677976,526485384,549453824,8192,160,2,206,3
192.787308,28736,0,0,137,3,189655,14465,56602624,25563136,18266464,1377509,171704320,171835391,171769856,0,189624,21723960,533856216,549453824,8192,160,2,206,3
190.227346,33344,0,0,163,8,202688,11677,67690496,35737600,27885672,1377509,169082880,169213951,169148416,0,189624,33127344,527713672,549453824,8192,160,2,206,3
192.243975,33536,0,0,163,9,170657,33239,68018176,36261888,27754480,1377509,170655744,170786815,170721280,0,189624,33259704,527275000,549453824,8192,160,2,206,3
176.957959,28776,0,0,140,3,167444,29821,56410112,25563136,18266536,1377509,154009600,154140671,154075136,0,189624,21725184,533858952,549453824,8192,160,2,206,3
195.596591,28624,0,0,141,7,168730,28798,56500224,25825280,18265776,1377509,172097536,172228607,172163072,0,189624,21701344,533859032,549453824,8192,160,2,206,3
105.689782,14716,0,0,56,4,111996,7846,48701440,18935808,12188744,1385631,80543744,80609279,80576512,0,418184,14343272,533357144,549453824,8192,160,2,206,3
176.402771,28456,0,0,139,4,169498,23474,56451072,25825280,18199824,1377509,147324928,147455999,147390464,0,189624,21697072,533925312,549453824,8192,160,2,206,3
221.831595,33776,0,0,159,3,189015,32683,68235264,35737600,28540936,1385701,198311936,198443007,198377472,0,189624,33790544,516625600,549453824,8192,160,2,206,3
159.95973,20868,0,0,93,1,142074,22503,55238656,25554944,18288056,1385631,137756672,137887743,137822208,0,418184,20702336,526536536,549453824,8192,160,2,206,3
127.312491,14536,0,0,56,9,103633,20009,48517120,19197952,12189576,1393823,87228416,87293951,87261184,0,418184,14338936,533344520,549453824,8192,160,2,206,3
148.817039,20684,0,0,93,3,122545,26618,54882304,25554944,18287944,1385631,123535360,123600895,123568128,0,418184,20702224,526469240,549453824,8192,160,2,206,3
110.270701,14756,0,0,51,5,106574,4330,48717824,19197952,12189216,1385631,89391104,89456639,89423872,0,418184,14356608,533363608,549453824,8192,160,2,206,3
211.692351,28740,0,0,130,4,183932,23407,56528896,25563136,18265328,1377509,190185472,190316543,190251008,0,189624,21700200,533859768,549453824,8192,160,2,206,3
210.315605,34052,0,0,159,7,190752,26943,68575232,36261888,28606496,1377509,183369728,183500799,183435264,0,189624,33942224,516559664,549453824,8192,160,2,206,3
203.521996,28192,0,0,133,4,173886,26397,56594432,25300992,18266416,1377509,173539328,173670399,173604864,0,189624,21746488,533857408,549453824,8192,160,2,206,3
124.210363,21060,0,0,86,8,129882,10947,55328768,25554944,18287968,1385631,102563840,102629375,102596608,0,418184,20702248,526552144,549453824,8192,160,2,206,3
194.38426,28892,0,0,155,4,173863,18477,56430592,25563136,18199376,1377509,172883968,173015039,172949504,0,189624,21699152,533925704,549453824,8192,160,2,206,3
148.102793,14284,0,0,54,1,133409,11641,48242688,18935808,12188208,1393823,127008768,127074303,127041536,0,418184,14368544,533357736,549453824,8192,160,2,206,3
207.594551,34016,0,0,153,4,187405,19904,68452352,36261888,28541392,1385701,186122240,186253311,186187776,0,189624,33878088,516623848,549453824,8192,160,2,206,3
188.953703,28572,0,0,147,4,195102,13109,56492032,25825280,18201136,1385701,146800640,146931711,146866176,0,189624,21700936,533921200,549453824,8192,160,2,206,3
138.201175,20816,0,0,86,3,127088,14805,54910976,25292800,18288280,1393823,111476736,111542271,111509504,0,418184,20678496,526526064,549453824,8192,160,2,206,3
208.980569,34336,0,0,157,5,185738,29244,68575232,36261888,28541320,1377509,182845440,182976511,182910976,0,189624,33878064,516620072,549453824,8192,160,2,206,3
107.755142,14648,0,0,51,3,103855,12444,48676864,19197952,12188272,1385631,85655552,85721087,85688320,0,418184,14370888,533234200,549453824,8192,160,2,206,3
136.761934,14672,0,0,51,3,126138,8311,48971776,19460096,12189168,1385631,115343360,115408895,115376128,0,418184,14373480,533226528,549453824,8192,160,2,206,3
164.604367,28492,0,0,142,7,157547,27178,56393728,25563136,17480072,1385701,142082048,142213119,142147584,0,189624,21701376,534642616,549453824,8192,160,2,206,3
210.208703,28556,0,0,142,7,194661,19584,56258560,25300992,18266392,1377509,180486144,180617215,180551680,0,189624,21640856,533857912,549453824,8192,160,2,206,3
188.519547,28908,0,0,152,6,153577,38082,56549376,25563136,18266496,1377509,165675008,165806079,165740544,0,189624,21724976,533856104,549453824,8192,160,2,206,3
148.063495,21060,0,0,76,4,136922,14782,55050240,25554944,18288968,1393823,126418944,126484479,126451712,0,418184,20698872,526522080,549453824,8192,160,2,206,3
141.114065,14556,0,0,51,2,124453,13637,48500736,19197952,12190032,1393823,117964800,118030335,117997568,0,418184,14367800,533387248,549453824,8192,160,2,206,3
129.712703,14296,0,0,54,3,111240,19789,48173056,18935808,12187384,1393823,109051904,109117439,109084672,0,418184,14332840,533361280,549453824,8192,160,2,206,3
135.16365,14872,0,0,54,3,124680,12069,48705536,18935808,12188304,1393823,107675648,107741183,107708416,0,418184,14368720,533370896,549453824,8192,160,2,206,3
235.149369,34272,0,0,160,6,203017,27864,68530176,35999744,28605608,1377509,203948032,204079103,204013568,0,189624,33941640,516560064,549453824,8192,160,2,206,3
145.304459,21144,0,0,85,4,125815,15715,55214080,25554944,18287112,1393823,122224640,122290175,122257408,0,418184,20701136,526495824,549453824,8192,160,2,206,3
109.487284,14340,0,0,51,2,103909,7997,48414720,19197952,12187832,1385631,89391104,89456639,89423872,0,418184,14361784,533344264,549453824,8192,160,2,206,3
212.457861,34032,0,0,153,3,191399,16905,68448256,35999744,28605704,1385701,189399040,189530111,189464576,0,189624,33940816,516560232,549453824,8192,160,2,206,3
192.03398,28460,0,0,138,6,188727,16284,56324096,25825280,18199464,1377509,171048960,171180031,171114496,0,189624,21700568,533925152,549453824,8192,160,2,206,3
151.39311,21052,0,0,87,4,149804,3859,55250944,25554944,18286520,1385631,120586240,120651775,120619008,0,418184,20700768,526516824,549453824,8192,160,2,206,3
105.089231,14756,0,0,53,2,102707,12982,48820224,19197952,12188728,1385631,76414976,76480511,76447744,0,418184,14334328,533344552,549453824,8192,160,2,206,3
218.341412,34036,0,0,153,6,206800,32169,68423680,35999744,28606696,1377509,190447616,190578687,190513152,0,189624,33943088,516558600,549453824,8192,160,2,206,3
103.766308,14804,0,0,58,4,85758,27743,48455680,19197952,12189200,1393823,81592320,81657855,81625088,0,418184,14364032,533339384,549453824,8192,160,2,206,3
115.318451,14524,0,0,42,1,118124,3557,48971776,19197952,12189056,1393823,88997888,89063423,89030656,0,418184,14357240,533381336,549453824,8192,160,2,206,3
174.69427,28616,0,0,148,3,161532,31560,56352768,25563136,18265224,1385701,138805248,138936319,138870784,0,189624,21723560,533859960,549453824,8192,160,2,206,3
244.177415,34124,0,0,131,4,205253,31605,68550656,36261888,28605528,1385701,219807744,219938815,219873280,0,189624,33941840,516558256,549453824,8192,160,2,206,3
177.098204,28644,0,0,152,3,164244,29363,56393728,25300992,18200792,1385701,144703488,144834559,144769024,0,189624,21707320,533881640,549453824,8192,160,2,206,3
164.205984,28508,0,0,128,4,169034,14560,56250368,25825280,18266576,1377509,135266304,135397375,135331840,0,189624,21700784,533857376,549453824,8192,160,2,206,3
108.437193,14552,0,0,49,2,105248,8626,48472064,19197952,12188440,1393823,78249984,78315519,78282752,0,418184,14337808,533339880,549453824,8192,160,2,206,3
126.943425,14220,0,0,55,5,120193,15600,48291840,18935808,12188328,1385631,103546880,103612415,103579648,0,418184,14332088,533359576,549453824,8192,160,2,206,3
171.748366,28640,0,0,156,3,173610,20808,56315904,25300992,18201520,1385701,150732800,150863871,150798336,0,189624,21688808,533923000,549453824,8192,160,2,206,3
169.331417,28848,0,0,146,5,167175,23233,56393728,25563136,18199600,1385701,144834560,144965631,144900096,0,189624,21699848,533925376,549453824,8192,160,2,206,3
146.783391,21112,0,0,89,3,136109,13853,55144448,25554944,18289664,1385631,109576192,109641727,109608960,0,418184,20703944,526079784,549453824,8192,160,2,206,3
168.537221,28540,0,0,154,2,172893,23073,56324096,25563136,18200912,1377509,146014208,146145279,146079744,0,189624,21712280,533924400,549453824,8192,160,2,206,3
216.953069,34204,0,0,145,3,198612,19024,68558848,35737600,28605136,1385701,196214784,196345855,196280320,0,189624,33946488,516509264,549453824,8192,160,2,206,3
191.090191,33064,0,0,168,7,187456,27367,67665920,35737600,27556512,1377509,166854656,166985727,166920192,0,189624,33154288,528025192,549453824,8192,160,2,206,3
123.422461,14864,0,0,56,1,105874,14563,48640000,19197952,12188520,1393823,102367232,102432767,102400000,0,418184,14356736,533341944,549453824,8192,160,2,206,3
137.949262,21116,0,0,86,2,137022,16130,55021568,25554944,18289112,1385631,116260864,116326399,116293632,0,418184,20703336,526135160,549453824,8192,160,2,206,3
260.720336,34192,0,0,153,9,227764,37330,68354048,35737600,28606616,1377509,228851712,228982783,228917248,0,189624,33927296,516509408,549453824,8192,160,2,206,3
185.292295,28652,0,0,145,3,188386,8926,56463360,25563136,18265752,1385701,156893184,157024255,156958720,0,189624,21719480,533856712,549453824,8192,160,2,206,3
143.436546,21008,0,0,88,5,120677,24306,55300096,25554944,18289120,1393823,115212288,115277823,115245056,0,418184,20703392,526513064,549453824,8192,160,2,206,3
152.265487,21208,0,0,94,4,133911,19085,55316480,25292800,18288840,1385631,130023424,130088959,130056192,0,418184,20702824,526488192,549453824,8192,160,2,206,3
144.861375,20804,0,0,88,2,121829,23530,55504896,25554944,18289808,1393823,121569280,121634815,121602048,0,418184,20704024,526504920,549453824,8192,160,2,206,3
239.430162,34084,0,0,138,6,213567,20189,68587520,35999744,28606632,1377509,211681280,211812351,211746816,0,189624,33941840,516555360,549453824,8192,160,2,206,3
137.85824,21124,0,0,83,2,132628,15053,55341056,25292800,18288680,1385631,111411200,111476735,111443968,0,418184,20679120,526495704,549453824,8192,160,2,206,3
183.234822,28380,0,0,165,4,144278,35894,56328192,25300992,18266016,1377509,160169984,160301055,160235520,0,189624,21639752,533854992,549453824,8192,160,2,206,3
197.898587,28316,0,0,131,5,184730,20229,56393728,25563136,18266824,1385701,173801472,173932543,173867008,0,189624,21701912,533855856,549453824,8192,160,2,206,3
204.387362,34276,0,0,149,6,198471,23829,68407296,35999744,28606528,1385701,182845440,182976511,182910976,0,189624,33942776,516559832,549453824,8192,160,2,206,3
165.290158,28752,0,0,153,7,168983,18533,56352768,25300992,16692440,1377509,144965632,145096703,145031168,0,189624,21686272,535414664,549453824,8192,160,2,206,3
167.847534,28644,0,0,128,2,167444,26786,56410112,25825280,18266560,1377509,139067392,139198463,139132928,0,189624,21725440,533857736,549453824,8192,160,2,206,3
211.138382,34028,0,0,152,5,167793,41981,68616192,35999744,28607048,1377509,188350464,188481535,188416000,0,189624,33943816,516559368,549453824,8192,160,2,206,3
173.973786,28104,0,0,133,5,164711,30650,56418304,25825280,18266488,1377509,134610944,134742015,134676480,0,189624,21724264,533853584,549453824,8192,160,2,206,3
196.987359,33972,0,0,167,4,196563,22690,68603904,35999744,28541160,1377509,172621824,172752895,172687360,0,189624,33877336,516625328,549453824,8192,160,2,206,3
161.147776,21252,0,0,93,6,135632,19378,55185408,25292800,18288952,1393823,138149888,138280959,138215424,0,418184,20691192,526415816,549453824,8192,160,2,206,3
145.093051,21020,0,0,88,3,139437,18157,55283712,25554944,18289824,1393823,120061952,120127487,120094720,0,418184,20692352,526292968,549453824,8192,160,2,206,3
220.695418,34044,0,0,156,7,192769,31648,68407296,35737600,28606480,1385701,199491584,199622655,199557120,0,189624,33948376,516533008,549453824,8192,160,2,206,3
119.901344,14156,0,0,49,6,100699,16176,48140288,18935808,12187224,1385631,99483648,99549183,99516416,0,418184,14367640,533327928,549453824,8192,160,2,206,3
180.46942,28736,0,0,137,1,170624,27073,56500224,25563136,18266768,1377509,157941760,158072831,158007296,0,189624,21725096,533855784,549453824,8192,160,2,206,3
145.446439,14860,0,0,54,5,129031,15023,48996352,19197952,12188952,1385631,9781248,102825983,56289280,46503936,418184,14334656,533377296,549453824,8192,160,2,206,3
178.784343,28864,0,0,135,7,172062,22341,56492032,25300992,18264840,1377509,157024256,157155327,157089792,0,189624,21697944,533859512,549453824,8192,160,2,206,3
208.112176,34252,0,0,146,6,179213,31818,68526080,35999744,28605312,1377509,184680448,184811519,184745984,0,189624,33940520,516560368,549453824,8192,160,2,206,3
176.330365,28516,0,0,132,7,182614,3807,56385536,25563136,18267056,1385701,154271744,154402815,154337280,0,189624,21701600,533852864,549453824,8192,160,2,206,3
130.440713,14356,0,0,46,3,107397,23991,48812032,18935808,12189432,1393823,98041856,98107391,98074624,0,418184,14338520,533411688,549453824,8192,160,2,206,3
135.536318,20892,0,0,87,8,134105,3000,55246848,25554944,18288864,1385631,112525312,112590847,112558080,0,418184,20698824,526096552,549453824,8192,160,2,206,3
202.054785,28492,0,0,135,9,190854,14999,56393728,25825280,18200880,1377509,181141504,181272575,181207040,0,189624,21717288,533918776,549453824,8192,160,2,206,3
125.719071,14136,0,0,47,3,120937,4006,48263168,19197952,12188488,1393823,99418112,99483647,99450880,0,418184,14337880,533354952,549453824,8192,160,2,206,3
222.302504,34088,0,0,146,7,205772,23108,68386816,35999744,28541040,1385701,191365120,191496191,191430656,0,189624,33876248,516625464,549453824,8192,160,2,206,3
184.650728,28052,0,0,139,5,179234,15355,56487936,25825280,18266488,1377509,160563200,160694271,160628736,0,189624,21700896,533853032,549453824,8192,160,2,206,3
230.640965,33892,0,0,145,10,212338,26660,68612096,35999744,28606152,1385701,204210176,204341247,204275712,0,189624,33942720,516559376,549453824,8192,160,2,206,3
267.714575,34048,0,0,139,5,238752,24227,68505600,35999744,28605728,1385701,237633536,237764607,237699072,0,189624,33941768,516560752,549453824,8192,160,2,206,3
175.713317,20908,0,0,89,2,164404,10124,55255040,25554944,18287520,1393823,141950976,142082047,142016512,0,418184,20701544,526494816,549453824,8192,160,2,206,3
202.367961,34012,0,0,145,7,190695,32424,68616192,35999744,28606560,1385701,175374336,175505407,175439872,0,189624,33942664,516555576,549453824,8192,160,2,206,3
138.176898,21380,0,0,82,4,124400,16514,55508992,25292800,18288944,1393823,115933184,115998719,115965952,0,418184,20698304,526509872,549453824,8192,160,2,206,3
141.555338,20604,0,0,80,3,127263,14353,55492608,25554944,18288016,1385631,120258560,120324095,120291328,0,418184,20702288,526539664,549453824,8192,160,2,206,3
208.657078,28664,0,0,134,6,172567,39155,56619008,25825280,18266192,1377509,184156160,184287231,184221696,0,189624,21700872,533859344,549453824,8192,160,2,206,3
190.902614,34156,0,0,138,3,193336,7772,68530176,36261888,28605016,1377509,169345024,169476095,169410560,0,189624,33941504,516560208,549453824,8192,160,2,206,3
133.765533,21068,0,0,90,3,126126,7847,55173120,25292800,18287872,1385631,110690304,110755839,110723072,0,418184,20678344,526483688,549453824,8192,160,2,206,3
140.031684,20536,0,0,93,3,128203,12050,54996992,25554944,18286728,1393823,117571584,117637119,117604352,0,418184,20700744,526072864,549453824,8192,160,2,206,3
227.513212,33592,0,0,173,8,239435,13849,67854336,35737600,27951288,1385701,198574080,198705151,198639616,0,189624,33148400,527646600,549453824,8192,160,2,206,3
99.077914,15020,0,0,44,4,86260,22888,48832512,18935808,12189824,1385631,73728000,73793535,73760768,0,418184,14373528,533416448,549453824,8192,160,2,206,3
130.352314,21176,0,0,92,1,106121,24691,55320576,25554944,18288792,1385631,103743488,103809023,103776256,0,418184,20703064,526483472,549453824,8192,160,2,206,3
159.740482,28684,0,0,159,5,167078,12236,56336384,25300992,18200856,1377509,138412032,138543103,138477568,0,189624,21639608,533921048,549453824,8192,160,2,206,3
214.673986,34152,0,0,154,5,201416,33491,68456448,36261888,28540928,1377509,192806912,192937983,192872448,0,189624,33876704,516622224,549453824,8192,160,2,206,3
106.64729,14432,0,0,49,3,106962,8273,48201728,19197952,12189168,1385631,85590016,85655551,85622784,0,418184,14373216,533305328,549453824,8192,160,2,206,3
132.584884,20664,0,0,92,2,119886,14212,54861824,25554944,18287560,1393823,111673344,111738879,111706112,0,418184,20701552,526499728,549453824,8192,160,2,206,3
185.374948,28468,0,0,126,4,172376,8674,56336384,25825280,18266472,1377509,164626432,164757503,164691968,0,189624,21712520,533853184,549453824,8192,160,2,206,3
218.478924,28804,0,0,142,5,186068,28253,56512512,25825280,18266744,1377509,179306496,179437567,179372032,0,189624,21712720,533857648,549453824,8192,160,2,206,3
168.569903,20804,0,0,89,3,140434,28933,55144448,25292800,18289600,1393823,146145280,146276351,146210816,0,418184,20703504,526526864,549453824,8192,160,2,206,3
165.23972,29032,0,0,141,9,163503,19716,56467456,25825280,18199216,1377509,143130624,143261695,143196160,0,189624,21723688,533925384,549453824,8192,160,2,206,3
128.813437,20868,0,0,94,1,118523,14432,55287808,25292800,18287336,1385631,107806720,107872255,107839488,0,418184,20677808,526542072,549453824,8192,160,2,206,3
198.057803,33984,0,0,143,4,183849,27134,68558848,35999744,28540136,1385701,168034304,168165375,168099840,0,189624,33876000,516625632,549453824,8192,160,2,206,3
216.989009,34388,0,0,142,4,183905,26828,68767744,36261888,28606648,1385701,195166208,195297279,195231744,0,189624,33942968,516554880,549453824,8192,160,2,206,3
220.405439,34112,0,0,152,2,200255,20000,68493312,36261888,28606264,1385701,197001216,197132287,197066752,0,189624,33942640,516555456,549453824,8192,160,2,206,3
149.349767,20416,0,0,89,4,150252,11504,54435840,25554944,18286584,1393823,124387328,124452863,124420096,0,418184,20700600,526521600,549453824,8192,160,2,206,3
199.672231,34008,0,0,156,3,158578,38049,68407296,35999744,28541064,1385701,176291840,176422911,176357376,0,189624,33876344,516625208,549453824,8192,160,2,206,3
110.518314,14476,0,0,48,3,114529,4234,48812032,19197952,12189328,1385631,83099648,83165183,83132416,0,418184,14357520,533329120,549453824,8192,160,2,206,3
226.533202,33992,0,0,152,8,203248,20322,68349952,36261888,28605872,1385701,200540160,200671231,200605696,0,189624,33942440,516555176,549453824,8192,160,2,206,3
235.516533,33876,0,0,143,6,195657,41749,68476928,36261888,28606720,1385701,212336640,212467711,212402176,0,189624,33943448,516554176,549453824,8192,160,2,206,3
219.377126,34196,0,0,143,5,193486,23716,68456448,35999744,28606264,1385701,192675840,192806911,192741376,0,189624,33942440,516560224,549453824,8192,160,2,206,3
151.101964,20960,0,0,79,5,157565,4032,55152640,25292800,18287440,1385631,122748928,122814463,122781696,0,418184,20677912,526544696,549453824,8192,160,2,206,3
196.801485,28328,0,0,134,7,193788,16133,56328192,25825280,18265784,1385701,164495360,164626431,164560896,0,189624,21700568,533858672,549453824,8192,160,2,206,3
174.410148,28836,0,0,135,4,165444,21714,56401920,25563136,18266592,1385701,153747456,153878527,153812992,0,189624,21713416,533857584,549453824,8192,160,2,206,3
115.639202,14764,0,0,48,1,105905,11714,48504832,19197952,12188632,1393823,93913088,93978623,93945856,0,418184,14334336,533377992,549453824,8192,160,2,206,3
218.906908,34228,0,0,154,8,202480,31607,68538368,35999744,28606560,1385701,196608000,196739071,196673536,0,189624,33941768,516559376,549453824,8192,160,2,206,3
159.446604,14552,0,0,46,3,142249,15003,48492544,18935808,12189368,1385631,128122880,128188415,128155648,0,418184,14372176,533342368,549453824,8192,160,2,206,3
142.250883,21152,0,0,81,6,129809,14347,55451648,25292800,18287416,1385631,13328384,110100479,61700096,48367616,418184,20701408,526512552,549453824,8192,160,2,206,3
133.570595,20936,0,0,94,3,109715,25237,54800384,25292800,18288776,1393823,112459776,112525311,112492544,0,418184,20678992,526487728,549453824,8192,160,2,206,3
127.030553,21092,0,0,93,8,129954,4327,55246848,25554944,18287600,1393823,103088128,103153663,103120896,0,418184,20701624,526507040,549453824,8192,160,2,206,3
160.842721,20904,0,0,88,4,141797,17177,54833152,25554944,18288760,1385631,135921664,136052735,135987200,0,418184,20702984,526558248,549453824,8192,160,2,206,3
196.389022,34044,0,0,147,4,178846,15656,68468736,35999744,28540608,1385701,168558592,168689663,168624128,0,189624,33875720,516623448,549453824,8192,160,2,206,3
175.508489,28992,0,0,130,10,170319,18499,56508416,25563136,18265792,1377509,151126016,151257087,151191552,0,189624,21696352,533859000,549453824,8192,160,2,206,3
125.127975,14344,0,0,51,2,110893,15977,48295936,19197952,12189024,1385631,99352576,99418111,99385344,0,418184,14373016,533409368,549453824,8192,160,2,206,3
191.505967,28812,0,0,143,4,165691,26310,56418304,25563136,17873200,1377509,170655744,170786815,170721280,0,189624,21700392,534249504,549453824,8192,160,2,206,3
179.298638,28608,0,0,128,6,178101,11122,56168448,25825280,18265304,1377509,157679616,157810687,157745152,0,189624,21723984,533858320,549453824,8192,160,2,206,3
190.532358,28700,0,0,145,6,179354,16330,56406016,25300992,18201256,1385701,163184640,163315711,163250176,0,189624,21664048,533924176,549453824,8192,160,2,206,3
193.91452,34000,0,0,162,3,176857,36310,68624384,36261888,28540904,1377509,162791424,162922495,162856960,0,189624,33877224,516623144,549453824,8192,160,2,206,3
128.929417,14464,0,0,47,5,131585,2870,48525312,18935808,12189184,1393823,102629376,102694911,102662144,0,418184,14356704,533350264,549453824,8192,160,2,206,3
136.450073,21480,0,0,89,7,131979,14874,55349248,25292800,18287088,1385631,111738880,111804415,111771648,0,418184,20701080,526518272,549453824,8192,160,2,206,3
233.424577,34156,0,0,159,5,218995,15368,68714496,36261888,28541512,1377509,202506240,202637311,202571776,0,189624,33878240,516624608,549453824,8192,160,2,206,3
166.914658,28808,0,0,142,6,172263,16352,56549376,25825280,18266632,1385701,137101312,137232383,137166848,0,189624,21725128,533858024,549453824,8192,160,2,206,3
187.681829,33964,0,0,135,2,194323,11695,68636672,36261888,28606456,1385701,154402816,154533887,154468352,0,189624,33942864,516560008,549453824,8192,160,2,206,3
128.982335,14472,0,0,58,5,117799,11226,48566272,18935808,12187840,1393823,106889216,106954751,106921984,0,418184,14367920,533361056,549453824,8192,160,2,206,3
126.525373,14452,0,0,47,1,107574,15930,48435200,18935808,12188168,1393823,105709568,105775103,105742336,0,418184,14367680,533346512,549453824,8192,160,2,206,3
203.627856,33388,0,0,153,7,210845,13593,67977216,35999744,28016136,1385701,179699712,179830783,179765248,0,189624,33351304,527583880,549453824,8192,160,2,206,3
136.018958,20748,0,0,89,7,119703,22399,55250944,25554944,18288840,1393823,114556928,114622463,114589696,0,418184,20691112,526470816,549453824,8192,160,2,206,3
231.861677,33944,0,0,152,5,200641,34721,68595712,35737600,28605176,1377509,206569472,206700543,206635008,0,189624,33930328,516558112,549453824,8192,160,2,206,3
166.536563,14100,0,0,52,3,160434,4061,48144384,19197952,12188080,1393823,136839168,136970239,136904704,0,418184,14323728,533376744,549453824,8192,160,2,206,3
178.204818,28464,0,0,143,4,163777,33934,56320000,25300992,18265784,1385701,155451392,155582463,155516928,0,189624,21628880,533858000,549453824,8192,160,2,206,3
111.133528,14044,0,0,56,2,98471,12168,48140288,19197952,12189160,1393823,89849856,89915391,89882624,0,418184,14343952,533342952,549453824,8192,160,2,206,3
201.633379,33580,0,0,166,13,185113,32957,67903488,35999744,27623304,1385701,180224000,180355071,180289536,0,189624,33254720,527976400,549453824,8192,160,2,206,3
162.94178,28092,0,0,148,1,159434,23042,56455168,25825280,18266488,1377509,139460608,139591679,139526144,0,189624,21720024,533855776,549453824,8192,160,2,206,3
113.185642,14208,0,0,54,1,97146,15626,48300032,19197952,12189504,1385631,88604672,88670207,88637440,0,418184,14372480,533396856,549453824,8192,160,2,206,3
183.648743,28644,0,0,139,3,163372,26506,56532992,25825280,18266376,1377509,162529280,162660351,162594816,0,189624,21723584,533858400,549453824,8192,160,2,206,3
166.113477,28676,0,0,139,1,165591,25101,56557568,25563136,18264864,1377509,142737408,142868479,142802944,0,189624,21723496,533860216,549453824,8192,160,2,206,3
199.668494,28644,0,0,131,6,190052,20221,56410112,25825280,18199592,1377509,168165376,168296447,168230912,0,189624,21700832,533924024,549453824,8192,160,2,206,3
233.463953,34248,0,0,144,7,206166,24380,68558848,35999744,28606496,1377509,201981952,202113023,202047488,0,189624,33941776,516559312,549453824,8192,160,2,206,3
145.159786,13996,0,0,53,5,125901,19141,47960064,18935808,12188264,1393823,123994112,124059647,124026880,0,418184,14333616,533365976,549453824,8192,160,2,206,3
218.270448,34140,0,0,151,5,217095,11618,68546560,36261888,28539704,1385701,184287232,184418303,184352768,0,189624,33875264,516627128,549453824,8192,160,2,206,3
193.55781,28696,0,0,146,7,180726,23130,56459264,25563136,18201096,1385701,170524672,170655743,170590208,0,189624,21724912,533918720,549453824,8192,160,2,206,3
251.645708,33952,0,0,150,5,209907,41159,68472832,35999744,28539408,1377509,212598784,212729855,212664320,0,189624,33875680,516627064,549453824,8192,160,2,206,3
130.80244,14456,0,0,51,4,105864,23538,48340992,19197952,12189440,1385631,106037248,106102783,106070016,0,418184,14373368,533415256,549453824,8192,160,2,206,3
171.11864,20620,0,0,91,5,158550,18352,54886400,25554944,18286968,1393823,133103616,133169151,133136384,0,418184,20700952,526485992,549453824,8192,160,2,206,3
153.406314,20344,0,0,99,3,136174,18115,55263232,25554944,18285872,1385631,124387328,124452863,124420096,0,418184,20700144,526095752,549453824,8192,160,2,206,3
119.692842,14788,0,0,49,1,109132,11307,48668672,18935808,12189168,1385631,90177536,90243071,90210304,0,418184,14363744,533367752,549453824,8192,160,2,206,3
238.243185,28684,0,0,131,7,198302,44226,56381440,25825280,18266696,1385701,200146944,200278015,200212480,0,189624,21725424,533857624,549453824,8192,160,2,206,3
114.425362,14592,0,0,52,3,115044,7740,48619520,19197952,12190048,1393823,84869120,84934655,84901888,0,418184,14364904,533326240,549453824,8192,160,2,206,3
198.408314,34120,0,0,154,1,174612,29300,68517888,35999744,28606552,1385701,176685056,176816127,176750592,0,189624,33941808,516559928,549453824,8192,160,2,206,3
110.508182,14556,0,0,49,2,108649,10695,48758784,18935808,12187944,1393823,90177536,90243071,90210304,0,418184,14333360,533387256,549453824,8192,160,2,206,3
265.714099,34012,0,0,139,8,235317,49496,68378624,36261888,28605424,1377509,236716032,236847103,236781568,0,189624,33941008,516559816,549453824,8192,160,2,206,3
125.726693,14632,0,0,53,4,110629,15240,48848896,18935808,12187560,1385631,102301696,102367231,102334464,0,418184,14322560,533355368,549453824,8192,160,2,206,3
223.212931,34160,0,0,159,4,166433,47997,68378624,35999744,28540168,1385701,170131456,170262527,170196992,0,189624,33875352,516625328,549453824,8192,160,2,206,3
227.298785,33892,0,0,164,6,217578,30946,68685824,36261888,28541064,1385701,200802304,200933375,200867840,0,189624,33877544,516624088,549453824,8192,160,2,206,3
120.99997,14080,0,0,51,2,94273,24149,48308224,19197952,12188528,1393823,98762752,98828287,98795520,0,418184,14334200,533345696,549453824,8192,160,2,206,3
177.354431,28380,0,0,140,1,158442,33371,56401920,25563136,18265216,1385701,136839168,136970239,136904704,0,189624,21722536,533858840,549453824,8192,160,2,206,3
217.557177,34212,0,0,148,7,188257,41993,68706304,35999744,28605520,1377509,186122240,186253311,186187776,0,189624,33940728,516560288,549453824,8192,160,2,206,3
217.187141,34204,0,0,146,4,178341,39625,68579328,36261888,28605368,1385701,195166208,195297279,195231744,0,189624,33942040,516559776,549453824,8192,160,2,206,3
172.273968,28820,0,0,145,4,169874,28541,56307712,25300992,18266688,1377509,148635648,148766719,148701184,0,189624,21610248,533857216,549453824,8192,160,2,206,3
204.749752,28664,0,0,137,1,187350,14934,56418304,25825280,18266488,1377509,179175424,179306495,179240960,0,189624,21713560,533857392,549453824,8192,160,2,206,3
212.812722,34352,0,0,145,6,181845,33834,68472832,35737600,28605832,1385701,188612608,188743679,188678144,0,189624,33836728,516556856,549453824,8192,160,2,206,3
151.513722,14428,0,0,44,3,139843,4146,48369664,19197952,12187208,1385631,113508352,113573887,113541120,0,418184,14361184,533340480,549453824,8192,160,2,206,3
237.135049,33812,0,0,154,5,207172,24881,68333568,36261888,28606568,1377509,209715200,209846271,209780736,0,189624,33942136,516557376,549453824,8192,160,2,206,3
122.661713,14732,0,0,52,3,109569,16286,48734208,19197952,12189248,1393823,101122048,101187583,101154816,0,418184,14333016,533365280,549453824,8192,160,2,206,3
235.961147,33988,0,0,143,3,209902,28779,68296704,35999744,28606784,1377509,213254144,213385215,213319680,0,189624,33943248,516559688,549453824,8192,160,2,206,3
128.24007,14456,0,0,51,0,116093,11441,48558080,19197952,12187584,1385631,104595456,104660991,104628224,0,418184,14323184,533373792,549453824,8192,160,2,206,3
175.521164,34036,0,0,156,1,164370,30815,68530176,35999744,28540136,1385701,151781376,151912447,151846912,0,189624,33876480,516626384,549453824,8192,160,2,206,3
163.926869,21072,0,0,90,5,150434,7889,55238656,25554944,18289672,1385631,141819904,141950975,141885440,0,418184,20703896,526540400,549453824,8192,160,2,206,3
136.918449,21232,0,0,94,6,120335,16069,55332864,25554944,18287896,1385631,107872256,107937791,107905024,0,418184,20690424,526519032,549453824,8192,160,2,206,3
180.229669,28708,0,0,133,4,181940,24468,56274944,25825280,18199216,1377509,154140672,154271743,154206208,0,189624,21722160,533925560,549453824,8192,160,2,206,3
187.140816,34060,0,0,149,7,182812,26416,68378624,35999744,28540048,1385701,163315712,163446783,163381248,0,189624,33876496,516621208,549453824,8192,160,2,206,3
163.948295,28656,0,0,147,4,165446,24017,56328192,25825280,18199952,1377509,141033472,141164543,141099008,0,189624,21700760,533924656,549453824,8192,160,2,206,3
206.604691,29088,0,0,132,3,188360,20350,56479744,25563136,18266872,1385701,182976512,183107583,183042048,0,189624,21725920,533858144,549453824,8192,160,2,206,3
123.62039,14620,0,0,53,1,106374,12084,48431104,19197952,12187944,1393823,100466688,100532223,100499456,0,418184,14370440,533382200,549453824,8192,160,2,206,3
133.59222,21116,0,0,86,5,131124,11060,55296000,25292800,18289440,1385631,108855296,108920831,108888064,0,418184,20703368,526504768,549453824,8192,160,2,206,3
123.330304,14556,0,0,50,3,114456,11893,48750592,19197952,12189744,1393823,100728832,100794367,100761600,0,418184,14334320,533347144,549453824,8192,160,2,206,3
188.574276,28076,0,0,148,5,189102,20641,56299520,25563136,18199216,1377509,166199296,166330367,166264832,0,189624,21719000,533921080,549453824,8192,160,2,206,3
119.419258,14572,0,0,47,1,108614,12141,48664576,18935808,12189368,1385631,94109696,94175231,94142464,0,418184,14368160,533407416,549453824,8192,160,2,206,3
241.759728,34048,0,0,135,2,200551,46234,68567040,35999744,28606640,1377509,216268800,216399871,216334336,0,189624,33943200,516559712,549453824,8192,160,2,206,3
184.048495,34060,0,0,162,3,191323,13060,68505600,35999744,28474616,1385701,160301056,160432127,160366592,0,189624,33810856,516686688,549453824,8192,160,2,206,3
110.679904,14844,0,0,51,4,111420,3229,48631808,18935808,12187072,1393823,80543744,80609279,80576512,0,418184,14360776,533344944,549453824,8192,160,2,206,3
124.135978,14688,0,0,50,1,100661,23972,48467968,19197952,12188632,1393823,102170624,102236159,102203392,0,418184,14356152,533324400,549453824,8192,160,2,206,3
138.665419,21108,0,0,87,2,111104,28748,55189504,25292800,18288728,1393823,115212288,115277823,115245056,0,418184,20678944,526516936,549453824,8192,160,2,206,3
227.041441,34084,0,0,148,6,200532,31477,68431872,36261888,28606608,1385701,197132288,197263359,197197824,0,189624,33942248,516554984,549453824,8192,160,2,206,3
134.157352,14972,0,0,56,5,123811,7645,48844800,19197952,12188336,1393823,96927744,96993279,96960512,0,418184,14333928,533340432,549453824,8192,160,2,206,3
146.694828,21112,0,0,97,2,138413,11390,55361536,25554944,18289224,1385631,118161408,118226943,118194176,0,418184,20703496,526521728,549453824,8192,160,2,206,3
258.667909,34200,0,0,154,8,236804,30885,68558848,36261888,28606872,1377509,237240320,237371391,237305856,0,189624,33942384,516559544,549453824,8192,160,2,206,3
136.630349,20788,0,0,88,3,120789,16175,54980608,25554944,18288968,1385631,114294784,114360319,114327552,0,418184,20703240,526563664,549453824,8192,160,2,206,3
138.991519,20732,0,0,85,6,129554,11063,55259136,25292800,18287944,1385631,116391936,116457471,116424704,0,418184,20678384,526547488,549453824,8192,160,2,206,3
107.238101,14752,0,0,59,2,114610,6330,48418816,18935808,12187848,1393823,79036416,79101951,79069184,0,418184,14355680,533332600,549453824,8192,160,2,206,3
128.956716,20948,0,0,100,4,111747,21065,55123968,25554944,18287888,1393823,103940096,104005631,103972864,0,418184,20678648,526489232,549453824,8192,160,2,206,3
156.872338,20864,0,0,95,2,140944,22427,55033856,25554944,18289416,1385631,133758976,133824511,133791744,0,418184,20703696,526550344,549453824,8192,160,2,206,3
223.451896,28000,0,0,132,4,203824,25680,56451072,25563136,18266560,1377509,199098368,199229439,199163904,0,189624,21725088,533858568,549453824,8192,160,2,206,3
114.810443,14808,0,0,51,1,110980,7491,48807936,19197952,12188320,1385631,10133504,83951615,47028224,36890624,418184,14323920,533372736,549453824,8192,160,2,206,3
185.964639,28936,0,0,146,3,174374,11970,56393728,25563136,18199376,1377509,165806080,165937151,165871616,0,189624,21699832,533926032,549453824,8192,160,2,206,3
190.63287,28568,0,0,154,8,189231,19868,56229888,25300992,18266144,1385701,152305664,152436735,152371200,0,189624,21611704,533857752,549453824,8192,160,2,206,3
171.397886,21172,0,0,76,11,160422,18166,55328768,25292800,18287472,1393823,15253504,131203071,73213952,57956352,418184,20677632,526539728,549453824,8192,160,2,206,3
234.228074,34036,0,0,160,6,215251,26510,68591616,36261888,28607112,1385701,206438400,206569471,206503936,0,189624,33942536,516556928,549453824,8192,160,2,206,3
216.287557,33992,0,0,157,4,195732,15978,68411392,36261888,28539496,1377509,177078272,177209343,177143808,0,189624,33876056,516626568,549453824,8192,160,2,206,3
142.4856,14320,0,0,45,2,126500,11598,48300032,18935808,12188328,1393823,117243904,117309439,117276672,0,418184,14341168,533333384,549453824,8192,160,2,206,3
184.2814,28720,0,0,139,3,169893,24594,56446976,25300992,18200936,1385701,148635648,148766719,148701184,0,189624,21700568,533887928,549453824,8192,160,2,206,3
123.214426,14788,0,0,50,3,117408,4454,48730112,18935808,12187328,1385631,92864512,92930047,92897280,0,418184,14367776,533384000,549453824,8192,160,2,206,3
154.42724,28100,0,0,135,2,152444,23040,56463360,25825280,18200456,1385701,130220032,130285567,130252800,0,189624,21701464,533919208,549453824,8192,160,2,206,3
235.76294,33940,0,0,154,5,196179,39160,68431872,35999744,28606648,1385701,207486976,207618047,207552512,0,189624,33943112,516559832,549453824,8192,160,2,206,3
200.180956,34116,0,0,153,7,172851,33716,68431872,35999744,28541184,1377509,174850048,174981119,174915584,0,189624,33872904,516621256,549453824,8192,160,2,206,3
201.726397,28860,0,0,142,4,180494,26707,56393728,25563136,18201072,1385701,169082880,169213951,169148416,0,189624,21713104,533924664,549453824,8192,160,2,206,3
143.945565,14640,0,0,51,5,128830,12038,48693248,19197952,12188712,1385631,116457472,116523007,116490240,0,418184,14371360,533365472,549453824,8192,160,2,206,3
134.626038,20540,0,0,96,4,118657,15149,54829056,25554944,18288024,1393823,110559232,110624767,110592000,0,418184,20678528,526497192,549453824,8192,160,2,206,3
115.131248,14620,0,0,56,3,106627,11025,48513024,19197952,12186608,1385631,94896128,94961663,94928896,0,418184,14360528,533208368,549453824,8192,160,2,206,3
129.139123,14304,0,0,53,1,123048,8692,48369664,18935808,12189496,1393823,104071168,104136703,104103936,0,418184,14334856,533382016,549453824,8192,160,2,206,3
208.691309,34012,0,0,148,7,190572,29035,68485120,36261888,28606632,1385701,181272576,181403647,181338112,0,189624,33943152,516559568,549453824,8192,160,2,206,3
163.288969,28176,0,0,142,3,164513,12303,56434688,25563136,18266712,1385701,142213120,142344191,142278656,0,189624,21700432,533857712,549453824,8192,160,2,206,3
110.934127,14152,0,0,51,6,95190,19163,48209920,18935808,12189368,1385631,86245376,86310911,86278144,0,418184,14371816,533419120,549453824,8192,160,2,206,3
223.338364,34208,0,0,152,4,202997,15695,68468736,35737600,28606536,1377509,198311936,198443007,198377472,0,189624,33864184,516552280,549453824,8192,160,2,206,3
197.034122,28716,0,0,127,6,169681,36110,56446976,25300992,18266648,1377509,176553984,176685055,176619520,0,189624,21724768,533832824,549453824,8192,160,2,206,3
167.999005,28656,0,0,136,8,157599,28711,56377344,25563136,18265136,1385701,130613248,130678783,130646016,0,189624,21699656,533857288,549453824,8192,160,2,206,3
132.108683,21232,0,0,90,1,108116,27063,55291904,25554944,18288248,1393823,110297088,110362623,110329856,0,418184,20702264,526472144,549453824,8192,160,2,206,3
191.1657,34148,0,0,151,5,182383,25260,68538368,35999744,28604768,1377509,162398208,162529279,162463744,0,189624,33941000,516561888,549453824,8192,160,2,206,3
139.328987,20596,0,0,87,6,118879,20852,54865920,25292800,18288400,1385631,117047296,117112831,117080064,0,418184,20678872,526546792,549453824,8192,160,2,206,3
